id,company_id,year,market_cap,enterprise_value,pe_ratio,pb_ratio,ev_ebitda,dividend_yield,valuation_flag
2,ABB,2020,923674.33,1120679.72,67.54,13.03,24.93,3.9,Caution
4,ABB,2022,1185994.82,1158637.42,18.68,4.75,6.12,3.35,Discount
6,ABB,2024,1536236.24,1619349.16,75.58,4.48,12.63,0.96,Caution
7,ADANIENSOL,2019,171905.69,222090.81,76.72,12.85,34.64,2.97,Caution
10,ADANIENSOL,2022,306303.52,354481.15,71.21,6.44,19.65,2.37,Caution
11,ADANIENSOL,2023,263283.51,289260.77,28.96,13.96,8.07,2.07,Discount
15,ADANIENT,2021,205258.66,189642.53,72.59,8.25,9.71,0.24,Caution
17,ADANIENT,2023,196563.95,213448.3,65.7,5.32,10.14,3.93,Caution
19,ADANIGREEN,2019,485373.12,541878.15,29.07,10.49,5.01,0.27,Discount
20,ADANIGREEN,2020,517543.72,664150.23,72.14,14.91,19.59,0.21,Caution
21,ADANIGREEN,2021,519085.0,607489.51,17.73,4.85,6.97,2.14,Discount
23,ADANIGREEN,2023,449015.01,546204.41,9.89,6.92,25.56,4.31,Discount
27,ADANIPORTS,2021,611152.14,782103.44,77.47,0.9,30.06,1.0,Caution
28,ADANIPORTS,2022,733808.16,915420.63,15.26,3.96,5.84,0.2,Discount
29,ADANIPORTS,2023,634603.85,774389.91,29.48,7.65,32.57,2.23,Discount
31,ADANIPOWER,2019,1188256.85,1362538.77,27.22,4.37,35.21,0.06,Discount
32,ADANIPOWER,2020,1117866.08,1278915.22,66.83,5.7,27.87,2.51,Caution
33,ADANIPOWER,2021,986259.76,1132916.67,66.6,14.89,6.04,2.97,Caution
38,AMBUJACEM,2020,1025434.68,969394.29,79.32,9.29,17.71,1.12,Caution
41,AMBUJACEM,2023,1410892.33,1458659.98,73.29,1.59,6.74,0.57,Caution
44,APOLLOHOSP,2020,1275343.54,1525399.05,28.39,8.78,7.08,4.32,Discount
45,APOLLOHOSP,2021,1154138.06,1069918.55,11.18,6.7,8.4,3.35,Discount
47,APOLLOHOSP,2023,1446203.76,1674544.0,17.38,12.98,28.27,3.2,Discount
49,ASIANPAINT,2019,1065817.17,1060968.11,30.34,5.08,33.21,0.45,Discount
50,ASIANPAINT,2020,1148763.92,1230363.26,13.27,6.46,22.97,0.29,Discount
51,ASIANPAINT,2021,1269304.94,1629400.62,78.48,8.21,23.03,1.28,Caution
54,ASIANPAINT,2024,2126725.18,2475080.63,73.37,3.9,23.94,2.42,Caution
55,ATGL,2019,1148243.4,1228379.56,21.14,0.81,10.15,4.39,Discount
56,ATGL,2020,1099356.08,1400593.18,22.78,14.0,27.91,0.51,Discount
58,ATGL,2022,1548060.05,1597088.78,74.55,14.11,6.42,0.07,Caution
59,ATGL,2023,1644865.15,1868991.35,28.01,4.26,28.74,2.71,Discount
68,BAJAJ-AUTO,2020,351288.98,435411.55,79.31,9.65,32.77,0.07,Caution
71,BAJAJ-AUTO,2023,552671.87,600604.78,78.58,8.54,37.84,3.66,Caution
72,BAJAJ-AUTO,2024,653817.3,679803.97,29.91,9.83,20.14,3.59,Discount
77,BAJAJFINSV,2023,1845750.3,2241384.41,76.89,13.57,9.02,1.66,Caution
78,BAJAJFINSV,2024,1905112.17,1807796.2,15.07,6.08,39.72,2.56,Discount
79,BAJAJHLDNG,2019,1014477.55,1181797.59,76.88,9.04,7.28,2.22,Caution
82,BAJAJHLDNG,2022,1394489.39,1728870.12,79.41,5.56,9.53,0.65,Caution
83,BAJAJHLDNG,2023,1714344.05,1642287.8,26.75,3.46,17.45,0.33,Discount
89,BAJFINANCE,2023,1896088.83,1920855.51,19.1,4.67,26.51,0.83,Discount
90,BAJFINANCE,2024,2473271.58,2632574.41,69.2,4.11,15.96,0.27,Caution
92,BANKBARODA,2020,471014.36,436331.44,71.63,11.42,18.25,2.88,Caution
93,BANKBARODA,2021,426745.64,503995.99,67.24,12.42,14.95,1.19,Caution
94,BANKBARODA,2022,473985.89,610071.44,74.28,5.71,32.29,4.15,Caution
95,BANKBARODA,2023,464725.74,572597.07,27.29,5.48,11.96,2.28,Discount
96,BANKBARODA,2024,590971.02,656699.32,16.89,4.15,24.7,2.62,Discount
97,BEL,2019,770752.45,926042.39,73.48,7.9,30.16,4.11,Caution
100,BEL,2022,1143459.9,1249718.69,72.89,7.89,28.11,4.49,Caution
101,BEL,2023,1055965.69,1261553.4,18.0,12.66,25.88,4.22,Discount
102,BEL,2024,1354781.06,1259877.04,17.89,9.22,23.14,0.76,Discount
103,BHARTIARTL,2019,224578.88,206515.69,70.91,12.2,32.49,0.07,Caution
104,BHARTIARTL,2020,196241.62,219777.99,79.6,5.46,17.05,0.6,Caution
105,BHARTIARTL,2021,232971.76,269937.54,15.3,7.28,28.35,2.22,Discount
107,BHARTIARTL,2023,288871.93,280003.55,66.89,3.6,37.51,0.1,Caution
112,BHEL,2022,452493.05,503418.0,23.85,9.42,38.85,0.56,Discount
114,BHEL,2024,540053.85,682460.17,29.8,11.43,21.59,4.04,Discount
118,BOSCHLTD,2022,1812529.57,2125646.68,21.27,6.04,18.2,1.07,Discount
119,BOSCHLTD,2023,2334820.89,2735332.08,28.16,4.01,5.63,1.56,Discount
121,BPCL,2019,417435.04,439524.17,25.37,3.65,15.58,3.89,Discount
123,BPCL,2021,522915.18,574282.97,12.13,1.78,14.21,1.65,Discount
124,BPCL,2022,547313.57,518390.47,24.26,4.29,7.37,1.47,Discount
126,BPCL,2024,468662.13,606487.07,68.15,0.72,26.59,1.15,Caution
129,BRITANNIA,2021,253493.14,328072.69,18.2,4.8,10.98,2.14,Discount
130,BRITANNIA,2022,316483.82,327961.01,73.25,8.4,21.29,3.54,Caution
131,BRITANNIA,2023,285063.86,344785.02,25.49,4.57,25.98,4.06,Discount
133,CANBK,2019,274311.19,273886.68,24.47,4.6,11.33,3.0,Discount
136,CANBK,2022,289660.96,292542.15,74.19,6.84,37.94,1.77,Caution
139,CHOLAFIN,2019,1617575.24,1531662.97,18.46,1.7,37.73,2.14,Discount
141,CHOLAFIN,2021,1228519.04,1553189.98,23.52,9.62,7.16,0.37,Discount
144,CHOLAFIN,2024,971931.96,1024979.49,16.79,10.36,13.52,2.83,Discount
146,CIPLA,2020,316481.63,343801.04,26.77,7.27,32.2,0.71,Discount
147,CIPLA,2021,288521.14,290750.43,76.56,11.34,5.68,1.8,Caution
151,COALINDIA,2019,187263.0,190352.73,76.5,6.82,20.03,3.05,Caution
152,COALINDIA,2020,231042.15,251887.58,23.41,11.71,16.21,0.79,Discount
153,COALINDIA,2021,269353.58,252163.83,77.94,9.67,39.51,1.53,Caution
154,COALINDIA,2022,359749.33,344720.77,10.93,0.98,21.27,0.37,Discount
157,DABUR,2019,55182.65,67689.73,11.83,8.9,33.07,2.52,Discount
158,DABUR,2020,48665.96,57298.27,12.36,12.35,6.51,0.62,Discount
159,DABUR,2021,48060.25,55430.1,78.3,2.21,9.99,1.66,Caution
161,DABUR,2023,61939.24,75668.46,74.55,11.51,20.37,2.27,Caution
163,DIVISLAB,2019,1011018.76,1179809.82,74.55,13.82,30.19,0.22,Caution
164,DIVISLAB,2020,1300303.75,1512398.18,30.35,3.22,9.07,0.23,Discount
165,DIVISLAB,2021,1595539.83,1586504.61,9.75,6.26,21.89,0.76,Discount
167,DIVISLAB,2023,1318782.9,1394258.36,15.26,3.01,17.21,1.48,Discount
168,DIVISLAB,2024,1615028.67,1501836.03,69.95,12.34,31.81,1.39,Caution
169,DLF,2019,1162826.35,1104410.24,11.24,14.12,15.78,4.13,Discount
170,DLF,2020,1146903.51,1448569.4,73.08,13.89,22.37,3.9,Caution
172,DLF,2022,1348234.63,1495730.62,16.81,4.75,14.05,3.78,Discount
175,DMART,2019,1847236.39,2290853.98,67.17,4.98,36.17,4.24,Caution
177,DMART,2021,2294356.77,2489455.16,14.9,12.05,11.12,0.52,Discount
178,DMART,2022,2664977.29,2823430.83,12.31,5.66,32.01,2.77,Discount
180,DMART,2024,3053088.97,3624591.94,72.53,11.71,36.84,1.94,Caution
181,DRREDDY,2019,1574961.99,1965583.28,10.84,10.04,34.68,0.78,Discount
182,DRREDDY,2020,1859862.32,2287596.96,28.73,6.38,24.93,2.34,Discount
183,DRREDDY,2021,1617326.41,1519427.76,15.23,4.3,13.61,3.34,Discount
184,DRREDDY,2022,1837884.76,2215736.28,13.03,7.54,16.33,3.82,Discount
185,DRREDDY,2023,2212619.5,2760692.84,11.34,10.95,23.9,3.71,Discount
186,DRREDDY,2024,2441803.28,2725256.67,11.73,10.19,14.56,0.09,Discount
187,EICHERMOT,2019,138608.74,143935.61,70.5,14.42,38.01,3.97,Caution
188,EICHERMOT,2020,179834.03,182640.02,18.91,9.77,22.08,0.44,Discount
189,EICHERMOT,2021,213781.42,240534.88,70.14,9.33,25.09,1.98,Caution
190,EICHERMOT,2022,231181.84,296317.9,17.97,6.97,27.95,1.95,Discount
191,EICHERMOT,2023,229241.72,232667.27,24.82,5.49,35.51,2.27,Discount
192,EICHERMOT,2024,222391.83,234358.89,15.62,13.61,19.29,4.41,Discount
193,GAIL,2019,665248.74,666947.87,13.48,0.96,26.22,1.4,Discount
194,GAIL,2020,712986.95,875162.11,25.86,4.98,34.59,2.22,Discount
196,GAIL,2022,1209368.79,1283114.71,66.94,6.52,20.9,3.73,Caution
198,GAIL,2024,1531867.57,1613856.89,25.84,9.54,33.07,0.31,Discount
199,GODREJCP,2019,807328.65,896565.06,26.5,4.95,21.35,4.17,Discount
201,GODREJCP,2021,1140203.87,1473894.68,19.23,4.8,17.68,1.47,Discount
206,GRASIM,2020,362884.74,445840.81,23.28,10.84,11.26,0.08,Discount
207,GRASIM,2021,337446.27,354587.01,15.68,3.37,31.76,3.46,Discount
210,GRASIM,2024,478951.82,601673.21,79.35,5.68,15.23,0.98,Caution
212,HAL,2020,1369023.45,1687291.54,68.18,9.05,27.14,4.15,Caution
213,HAL,2021,1800174.45,2098463.2,8.56,2.01,35.03,0.38,Discount
215,HAL,2023,2122373.86,2704291.55,11.8,2.43,27.48,3.62,Discount
216,HAL,2024,2643616.86,3140281.78,71.89,3.65,8.76,2.77,Caution
218,HAVELLS,2020,1749780.42,1713551.51,10.08,13.71,36.18,0.98,Discount
219,HAVELLS,2021,2169908.17,1994561.94,28.52,9.54,31.71,0.05,Discount
220,HAVELLS,2022,2198343.31,2166991.03,79.91,10.23,19.2,0.34,Caution
221,HAVELLS,2023,2526633.19,2922507.57,66.78,4.68,39.35,1.98,Caution
225,HCLTECH,2021,260125.17,316454.0,77.74,7.77,10.85,3.07,Caution
226,HCLTECH,2022,319536.64,296747.25,69.21,12.53,21.54,2.52,Caution
227,HCLTECH,2023,385586.15,451405.41,9.19,2.28,10.69,3.4,Discount
230,HDFCBANK,2020,534671.83,497530.99,30.19,9.55,26.58,1.24,Discount
231,HDFCBANK,2021,573615.98,564871.82,11.64,8.0,17.14,2.44,Discount
232,HDFCBANK,2022,759039.45,726665.0,8.14,1.61,21.19,3.18,Discount
236,HDFCLIFE,2020,43616.06,44999.88,67.68,5.98,13.85,4.1,Caution
242,HEROMOTOCO,2020,1157395.82,1232490.63,75.71,11.62,38.88,4.18,Caution
244,HEROMOTOCO,2022,1220486.89,1228166.97,66.93,12.26,22.34,2.61,Caution
245,HEROMOTOCO,2023,1542037.68,1580646.36,11.61,7.5,36.98,3.56,Discount
247,HINDALCO,2019,247258.14,249825.5,24.15,12.33,39.34,2.97,Discount
248,HINDALCO,2020,287414.16,295396.33,9.47,3.28,25.46,0.68,Discount
251,HINDALCO,2023,537689.01,677187.92,71.42,2.69,7.86,1.33,Caution
253,HINDUNILVR,2019,366409.11,343817.47,13.37,1.78,25.05,1.79,Discount
254,HINDUNILVR,2020,365239.67,374855.61,22.92,6.47,12.11,3.14,Discount
255,HINDUNILVR,2021,333086.26,426116.2,14.47,14.18,34.17,3.06,Discount
256,HINDUNILVR,2022,435060.89,415782.26,20.69,4.16,13.57,1.4,Discount
259,ICICIBANK,2019,634101.51,817754.59,75.38,9.81,5.65,3.37,Caution
260,ICICIBANK,2020,645375.01,681072.05,19.43,8.09,31.06,1.23,Discount
261,ICICIBANK,2021,851486.14,832663.82,12.77,9.84,34.73,4.29,Discount
262,ICICIBANK,2022,1050380.96,1029226.29,78.39,13.83,10.71,2.51,Caution
263,ICICIBANK,2023,1184576.28,1275805.13,78.87,1.36,26.95,0.92,Caution
264,ICICIBANK,2024,1319221.86,1598760.1,25.76,6.2,38.28,3.43,Discount
268,ICICIGI,2022,939135.7,920383.85,66.71,8.08,12.94,2.81,Caution
269,ICICIGI,2023,1242023.75,1158606.81,15.87,12.74,8.84,0.18,Discount
271,ICICIPRULI,2019,1606002.47,1499575.64,76.8,0.56,32.16,0.14,Caution
274,ICICIPRULI,2022,1702653.91,2014418.94,71.57,4.53,11.31,3.42,Caution
276,ICICIPRULI,2024,1596987.55,2014403.87,20.83,12.38,22.57,0.35,Discount
280,INDIGO,2022,1034978.53,1343725.41,19.25,10.95,30.38,3.07,Discount
282,INDIGO,2024,1040632.92,1061542.29,76.23,7.87,24.64,4.27,Caution
283,INDUSINDBK,2019,1305732.17,1230713.54,68.96,5.36,33.37,3.85,Caution
286,INDUSINDBK,2022,1839916.06,1655974.13,71.98,0.61,32.08,2.12,Caution
288,INDUSINDBK,2024,1807433.12,1674611.06,8.99,3.7,28.79,1.42,Discount
290,INFY,2020,468232.33,516667.75,26.14,13.59,31.82,2.22,Discount
293,INFY,2023,871427.0,1021527.28,71.12,11.97,5.78,0.56,Caution
295,IOC,2019,1122574.59,1338235.9,15.28,13.46,10.22,2.98,Discount
298,IOC,2022,1605938.54,1867479.2,79.84,7.17,29.72,3.59,Caution
299,IOC,2023,1666992.08,1805135.73,77.78,0.97,16.74,2.19,Caution
300,IOC,2024,1418164.33,1786391.89,28.61,4.24,33.71,1.25,Discount
304,IRCTC,2022,1322589.51,1554041.66,12.08,2.09,33.44,1.05,Discount
305,IRCTC,2023,1359334.39,1302404.03,22.05,11.74,14.17,2.02,Discount
307,IRFC,2019,1262848.07,1625870.1,24.73,1.86,14.21,0.55,Discount
309,IRFC,2021,1481705.69,1855967.59,74.92,11.42,32.61,1.97,Caution
312,IRFC,2024,2618348.58,2449260.08,9.81,3.91,16.66,2.82,Discount
313,ITC,2019,215793.67,211845.82,69.58,1.15,17.46,2.84,Caution
314,ITC,2020,281943.95,351639.75,72.45,1.41,34.43,3.51,Caution
315,ITC,2021,366869.92,375906.12,73.65,6.34,27.19,1.91,Caution
319,JINDALSTEL,2019,399948.98,518743.74,29.77,10.36,13.1,2.48,Discount
323,JINDALSTEL,2023,421683.82,460644.47,73.96,8.84,9.73,2.46,Caution
324,JINDALSTEL,2024,396587.97,478682.44,77.64,5.73,20.22,1.9,Caution
325,JIOFIN,2019,538148.59,617305.58,12.61,12.66,11.55,4.41,Discount
326,JIOFIN,2020,558776.67,640682.07,13.6,5.5,33.08,2.15,Discount
327,JIOFIN,2021,727695.83,822336.58,74.86,14.75,20.89,2.54,Caution
328,JIOFIN,2022,922325.59,911823.25,70.04,9.08,30.39,0.36,Caution
329,JIOFIN,2023,1137314.0,1164967.52,65.98,7.88,14.61,4.29,Caution
333,JSWENERGY,2021,66726.89,76914.23,71.29,3.09,30.82,0.11,Caution
336,JSWENERGY,2024,110870.53,124622.6,24.79,9.88,35.95,1.25,Discount
341,JSWSTEEL,2023,2101814.77,2210837.76,8.68,9.24,33.75,2.83,Discount
342,JSWSTEEL,2024,2612646.38,3187328.18,69.27,4.37,35.49,2.94,Caution
346,KOTAKBANK,2022,455106.0,483040.86,73.13,3.75,28.96,0.64,Caution
347,KOTAKBANK,2023,467372.62,480678.67,75.47,6.71,29.17,2.71,Caution
350,LICI,2020,196576.3,233201.16,20.36,2.12,10.34,1.11,Discount
352,LICI,2022,171741.93,179309.03,13.18,2.48,28.3,3.12,Discount
353,LICI,2023,204112.31,228780.25,76.58,7.85,20.73,1.11,Caution
355,LODHA,2019,1516344.89,1875614.07,70.86,14.94,17.0,3.4,Caution
358,LODHA,2022,1322559.29,1261563.26,13.49,1.97,18.41,1.52,Discount
362,LT,2020,606183.52,582692.86,18.62,6.6,10.51,3.85,Discount
363,LT,2021,690472.41,723135.04,13.01,9.07,9.08,3.34,Discount
364,LT,2022,864042.71,965645.93,18.77,11.91,15.77,1.0,Discount
365,LT,2023,937726.82,1190030.19,29.41,13.63,6.88,0.38,Discount
369,LTIM,2021,1325692.27,1604670.91,30.49,14.47,39.4,3.0,Discount
371,LTIM,2023,1066603.12,1176236.08,71.7,1.11,12.43,3.12,Caution
373,M&M,2019,1707695.34,2021410.72,76.49,7.02,9.79,3.01,Caution
374,M&M,2020,2271322.15,2677621.8,65.84,6.63,8.38,0.76,Caution
375,M&M,2021,3046586.67,3342939.51,8.87,14.35,22.42,3.76,Discount
378,M&M,2024,4173085.48,3837414.39,14.22,0.81,29.08,2.37,Discount
379,MARUTI,2019,1445154.02,1428864.0,65.97,4.77,37.75,1.13,Caution
380,MARUTI,2020,1349572.01,1480925.31,11.64,1.03,22.36,0.97,Discount
383,MARUTI,2023,1507366.44,1474615.02,14.7,14.19,31.01,1.41,Discount
384,MARUTI,2024,1503863.63,1891991.87,20.78,8.26,29.97,1.78,Discount
388,MOTHERSON,2022,136555.49,157086.66,76.33,10.98,30.36,2.66,Caution
389,MOTHERSON,2023,125781.85,139351.91,26.19,14.98,14.34,1.04,Discount
390,MOTHERSON,2024,146151.16,161406.34,9.54,2.38,33.39,2.18,Discount
391,NAUKRI,2019,241741.48,242045.98,24.1,14.39,17.67,0.21,Discount
392,NAUKRI,2020,322764.36,393106.28,26.32,6.43,35.18,1.61,Discount
398,NESTLEIND,2020,1106130.85,1267509.76,79.55,5.8,24.33,1.48,Caution
399,NESTLEIND,2021,1425221.19,1775599.1,20.87,13.55,10.3,0.43,Discount
401,NESTLEIND,2023,1811624.04,1823644.1,11.53,1.76,33.06,4.1,Discount
403,NHPC,2019,1011493.79,965474.33,78.1,6.89,38.35,2.06,Caution
408,NHPC,2024,1740404.25,2103124.81,71.17,13.74,18.26,1.68,Caution
410,NTPC,2020,549989.15,598573.64,22.83,7.06,14.72,2.72,Discount
413,NTPC,2023,953935.75,1220821.99,79.29,12.24,9.96,3.18,Caution
417,ONGC,2021,316247.83,328041.06,16.47,6.68,11.25,3.51,Discount
420,ONGC,2024,390111.05,499988.49,18.15,10.36,11.72,1.11,Discount
423,PFC,2021,1682458.73,1739295.43,71.66,1.56,34.04,0.75,Caution
424,PFC,2022,1504604.05,1475909.96,15.39,8.05,39.59,0.15,Discount
427,PIDILITIND,2019,175760.23,215960.74,17.69,11.27,15.11,3.98,Discount
428,PIDILITIND,2020,187037.75,181181.47,78.98,3.06,24.87,2.56,Caution
429,PIDILITIND,2021,193847.18,248239.82,68.76,12.53,39.1,2.06,Caution
433,PNB,2019,1116326.04,1152180.48,70.8,13.8,38.18,1.23,Caution
434,PNB,2020,1458207.93,1742246.74,19.1,9.35,5.92,3.19,Discount
435,PNB,2021,1774323.73,2157108.17,20.42,9.61,11.26,4.26,Discount
436,PNB,2022,2107018.91,1976658.37,21.47,10.12,21.68,3.31,Discount
437,PNB,2023,2086779.73,2427273.35,20.74,8.38,38.52,2.83,Discount
438,PNB,2024,1825925.6,2365495.49,19.29,10.91,23.64,1.32,Discount
439,POWERGRID,2019,253564.15,315271.49,70.85,7.24,8.63,3.98,Caution
442,POWERGRID,2022,270631.91,263995.91,65.69,3.16,26.9,4.37,Caution
447,RECLTD,2021,306600.13,339058.49,16.55,4.55,29.01,0.35,Discount
448,RECLTD,2022,362149.73,456426.16,77.79,3.64,31.21,4.17,Caution
449,RECLTD,2023,324371.96,345653.82,74.2,3.44,37.68,2.37,Caution
453,RELIANCE,2021,477545.63,530232.91,14.91,14.48,36.28,2.92,Discount
455,RELIANCE,2023,449714.02,575147.7,75.41,8.7,27.55,0.62,Caution
458,SBILIFE,2020,625311.99,663578.68,10.2,6.98,11.33,0.64,Discount
459,SBILIFE,2021,654418.26,614911.54,76.94,1.19,19.05,0.73,Caution
462,SBILIFE,2024,886097.71,1097553.71,69.98,9.48,31.04,1.62,Caution
463,SBIN,2019,1482417.4,1684030.56,28.31,2.13,24.87,1.59,Discount
467,SBIN,2023,2664457.97,3336018.79,72.12,7.09,35.08,0.46,Caution
470,SHREECEM,2020,1370108.42,1775340.62,67.14,8.03,17.84,3.07,Caution
472,SHREECEM,2022,1932061.03,1830555.08,25.68,0.89,5.28,1.01,Discount
474,SHREECEM,2024,3154358.33,2911084.5,25.87,1.21,26.58,3.2,Discount
475,SHRIRAMFIN,2019,594898.99,643160.23,79.88,0.51,8.83,1.36,Caution
476,SHRIRAMFIN,2020,513251.36,622540.94,11.8,11.36,6.84,1.14,Discount
478,SHRIRAMFIN,2022,816109.58,830906.79,27.14,10.02,18.67,0.61,Discount
480,SHRIRAMFIN,2024,868933.47,1098024.4,68.53,7.91,28.82,1.86,Caution
481,SIEMENS,2019,951918.38,1022262.14,23.09,1.05,25.6,3.89,Discount
483,SIEMENS,2021,911257.72,1118554.17,10.54,5.57,28.22,0.59,Discount
484,SIEMENS,2022,882073.22,982803.39,76.63,4.67,22.06,1.8,Caution
487,SUNPHARMA,2019,758612.89,960774.91,74.3,10.71,27.29,2.39,Caution
489,SUNPHARMA,2021,794888.64,726981.85,12.16,2.14,10.38,4.45,Discount
490,SUNPHARMA,2022,812572.94,826215.51,11.76,9.71,27.83,0.79,Discount
491,SUNPHARMA,2023,1064162.39,1298488.21,24.58,7.54,21.04,1.57,Discount
493,TATACONSUM,2019,298527.54,342447.92,20.52,1.59,19.93,0.99,Discount
494,TATACONSUM,2020,307664.97,308860.07,14.67,8.63,5.95,4.35,Discount
495,TATACONSUM,2021,314022.94,369938.81,66.35,4.55,31.21,3.75,Caution
496,TATACONSUM,2022,304809.07,395336.72,9.49,3.65,32.3,0.87,Discount
497,TATACONSUM,2023,365505.69,454035.61,77.06,7.38,38.99,1.85,Caution
499,TATAMOTORS,2019,1047137.5,1151780.53,26.23,11.5,16.82,3.67,Discount
500,TATAMOTORS,2020,919827.57,950063.39,14.79,1.74,28.04,1.73,Discount
501,TATAMOTORS,2021,1182658.61,1308685.14,29.26,10.95,26.84,3.6,Discount
504,TATAMOTORS,2024,1504106.64,1588737.42,67.07,0.93,15.35,3.65,Caution
505,TATAPOWER,2019,1458746.25,1831481.73,22.32,3.71,34.62,4.06,Discount
506,TATAPOWER,2020,1402442.85,1295478.08,14.5,4.29,31.65,2.29,Discount
507,TATAPOWER,2021,1511545.08,1713572.11,72.1,1.81,29.32,4.17,Caution
509,TATAPOWER,2023,1592398.68,1769432.81,24.7,10.29,14.32,1.75,Discount
510,TATAPOWER,2024,1647269.48,1925345.06,14.5,3.48,12.02,0.49,Discount
512,TATASTEEL,2020,339775.94,396643.74,73.73,10.62,12.63,1.42,Caution
515,TATASTEEL,2023,320309.06,388401.17,19.23,3.0,34.08,2.75,Discount
519,TCS,2021,351038.19,381848.36,79.57,11.14,23.13,3.62,Caution
521,TCS,2023,405916.42,410957.48,8.74,13.8,29.01,3.1,Discount
522,TCS,2024,461188.15,542230.13,78.69,6.08,29.94,1.62,Caution
523,TECHM,2019,1639903.22,2067764.75,8.39,4.82,9.69,2.04,Discount
530,TITAN,2020,1301076.74,1556937.57,18.73,5.89,35.46,4.25,Discount
531,TITAN,2021,1401305.03,1305744.95,26.55,3.88,13.36,2.22,Discount
532,TITAN,2022,1599747.79,1518166.79,72.03,9.49,25.9,4.44,Caution
533,TITAN,2023,1862221.59,2367970.55,28.61,3.98,23.08,2.29,Discount
534,TITAN,2024,1793769.72,2116401.21,10.13,10.51,21.0,3.1,Discount
535,TORNTPHARM,2019,961478.14,994047.23,78.75,1.44,28.93,2.04,Caution
536,TORNTPHARM,2020,1212490.1,1474201.75,65.62,1.87,33.78,0.96,Caution
541,TRENT,2019,709354.25,819010.58,70.85,12.21,27.83,3.78,Caution
543,TRENT,2021,700098.06,798656.79,78.02,14.33,12.95,1.37,Caution
544,TRENT,2022,607706.78,643881.28,68.1,13.78,13.28,1.2,Caution
545,TRENT,2023,583656.73,607027.17,65.94,9.88,32.51,2.62,Caution
546,TRENT,2024,571322.04,566293.08,8.65,11.82,34.65,3.46,Discount
547,TVSMOTOR,2019,143093.33,131403.61,15.6,6.89,21.67,3.67,Discount
548,TVSMOTOR,2020,170247.22,163663.43,24.28,4.64,9.33,1.29,Discount
549,TVSMOTOR,2021,206731.04,206020.01,68.15,7.31,16.3,1.86,Caution
550,TVSMOTOR,2022,249058.89,275637.72,8.52,13.87,7.31,4.22,Discount
